date,home_team,away_team,home_xg,away_xg,home_goals,away_goals,home_npxg,away_npxg,home_ppda,away_ppda
2024-08-15,Athletic Club,Getafe,0.29,0.538,1,1,0.290195,0.537517,5.105263157894737,14.61111111111111
2024-08-15,Real Betis,Girona,1.806,1.547,1,1,1.80582,1.54726,12.851851851851851,9.909090909090908
2024-08-16,Celta Vigo,Alaves,0.794,1.939,2,1,0.793797,1.9391,5.52,11.793103448275861
2024-08-16,Las Palmas,Sevilla,1.319,2.1,2,2,1.3187,2.09987,11.0,14.666666666666666
2024-08-17,Osasuna,Leganes,1.763,1.339,1,1,1.7631,1.33949,7.7,7.653846153846154
2024-08-17,Valencia,Barcelona,1.552,3.488,1,2,1.55206,2.74496,14.954545454545455,7.153846153846154
2024-08-18,Real Sociedad,Rayo Vallecano,1.566,1.601,1,2,1.56608,1.60148,6.0,7.151515151515151
2024-08-18,Mallorca,Real Madrid,1.306,0.608,1,1,1.30561,0.608052,19.68421052631579,16.727272727272727
2024-08-19,Real Valladolid,Espanyol,1.178,0.516,1,0,1.17753,0.515586,16.31578947368421,11.85
2024-08-19,Villarreal,Atletico Madrid,0.687,1.139,2,2,0.68684,1.13868,16.956521739130434,16.529411764705884
2024-08-23,Celta Vigo,Valencia,1.306,1.154,3,1,0.562433,1.1544,14.68421052631579,15.7
2024-08-23,Sevilla,Villarreal,1.238,1.398,1,2,1.23826,1.39825,6.851851851851852,23.266666666666666
2024-08-24,Osasuna,Mallorca,0.888,0.428,1,0,0.887678,0.427602,6.15625,9.3125
2024-08-24,Barcelona,Athletic Club,2.416,1.1,2,1,2.41577,0.356575,7.681818181818182,19.105263157894736
2024-08-24,Getafe,Rayo Vallecano,0.513,0.161,0,0,0.512723,0.161076,5.695652173913044,3.6538461538461537
2024-08-24,Espanyol,Real Sociedad,1.796,0.796,0,1,1.79566,0.796104,22.0,4.071428571428571
2024-08-25,Real Madrid,Real Valladolid,2.18,0.379,3,0,2.17954,0.378528,8.75,11.84
2024-08-25,Leganes,Las Palmas,1.59,1.234,2,1,0.846702,1.23438,16.45,8.590909090909092
2024-08-25,Alaves,Real Betis,0.173,1.36,0,0,0.172545,1.36012,10.46875,7.277777777777778
2024-08-25,Atletico Madrid,Girona,1.424,0.597,3,0,1.42393,0.596524,14.9,11.333333333333334
2024-08-26,Villarreal,Celta Vigo,4.382,3.792,4,3,3.49735,3.79183,17.42105263157895,20.166666666666668
2024-08-27,Mallorca,Sevilla,0.941,0.61,0,0,0.940858,0.60976,13.409090909090908,13.5
2024-08-27,Rayo Vallecano,Barcelona,0.392,1.519,1,2,0.392473,1.51872,7.852941176470588,9.4
2024-08-28,Real Valladolid,Leganes,0.774,0.185,0,0,0.773785,0.184577,9.434782608695652,13.916666666666666
2024-08-28,Athletic Club,Valencia,1.516,0.1,1,0,1.51595,0.0996371,7.212121212121212,13.055555555555555
2024-08-28,Real Sociedad,Alaves,0.952,2.626,1,2,0.951647,1.88233,10.538461538461538,11.733333333333333
2024-08-28,Atletico Madrid,Espanyol,3.886,0.856,0,0,3.88587,0.855829,19.454545454545453,25.833333333333332
2024-08-29,Girona,Osasuna,2.602,0.02,4,0,2.6015,0.0199618,9.444444444444445,20.3125
2024-08-29,Las Palmas,Real Madrid,0.809,3.283,1,1,0.809213,2.53994,13.421052631578947,11.75
2024-08-31,Barcelona,Real Valladolid,4.94,0.422,7,0,4.94022,0.422493,6.576923076923077,24.666666666666668
2024-08-31,Athletic Club,Atletico Madrid,0.252,1.586,0,1,0.252231,1.58613,12.357142857142858,33.55555555555556
2024-08-31,Espanyol,Rayo Vallecano,1.847,1.009,2,1,1.84679,1.0088,10.285714285714286,7.344827586206897
2024-08-31,Valencia,Villarreal,1.143,0.885,1,1,1.14322,0.885369,7.787878787878788,18.846153846153847
2024-08-31,Leganes,Mallorca,0.521,1.488,0,1,0.52078,1.48758,11.263157894736842,10.172413793103448
2024-09-01,Alaves,Las Palmas,2.01,0.547,2,0,1.26699,0.547308,16.0,6.5625
2024-09-01,Osasuna,Celta Vigo,0.78,1.723,3,2,0.779621,1.72329,7.566666666666666,12.9
2024-09-01,Sevilla,Girona,0.813,2.364,0,2,0.812687,1.62028,16.5625,8.483870967741936
2024-09-01,Getafe,Real Sociedad,0.547,0.021,0,0,0.547095,0.0209183,8.090909090909092,4.785714285714286
2024-09-01,Real Madrid,Real Betis,2.372,0.831,2,0,1.6284,0.831429,8.071428571428571,13.954545454545455
2024-09-13,Real Betis,Leganes,1.722,0.107,2,0,1.72201,0.107021,7.137931034482759,18.42105263157895
2024-09-14,Mallorca,Villarreal,0.345,2.419,1,2,0.345425,2.41884,17.333333333333332,16.53846153846154
2024-09-14,Espanyol,Alaves,1.951,2.369,3,2,1.20775,2.3693,14.2,8.15
2024-09-14,Sevilla,Getafe,1.648,0.972,1,0,1.64801,0.971555,5.523809523809524,8.071428571428571
2024-09-14,Real Sociedad,Real Madrid,1.418,2.276,0,2,1.41828,0.789346,16.529411764705884,20.615384615384617
2024-09-15,Celta Vigo,Real Valladolid,1.993,0.383,3,1,1.99273,0.382657,12.0,10.2
2024-09-15,Girona,Barcelona,1.096,2.594,1,4,1.09568,2.5936,13.454545454545455,9.107142857142858
2024-09-15,Las Palmas,Athletic Club,1.519,1.804,2,3,1.5194,1.80432,5.290322580645161,17.95
2024-09-15,Atletico Madrid,Valencia,3.23,0.183,3,0,3.22965,0.18311,19.545454545454547,20.5625
2024-09-16,Rayo Vallecano,Osasuna,1.484,0.53,3,1,1.48433,0.530311,4.380952380952381,7.933333333333334
2024-09-17,Mallorca,Real Sociedad,1.569,0.499,1,0,0.826041,0.499139,18.75,6.9655172413793105
2024-09-18,Real Betis,Getafe,3.062,0.864,2,1,2.31848,0.864309,4.809523809523809,12.173913043478262
2024-09-19,Leganes,Athletic Club,0.667,1.323,0,2,0.666594,1.32325,11.478260869565217,14.666666666666666
2024-09-20,Alaves,Sevilla,1.406,0.624,2,1,1.40641,0.623937,13.583333333333334,7.615384615384615
2024-09-21,Real Valladolid,Real Sociedad,0.953,1.391,0,0,0.952589,1.3906,12.076923076923077,4.428571428571429
2024-09-21,Osasuna,Las Palmas,1.972,1.283,2,1,1.22839,1.28282,10.033333333333333,6.25
2024-09-21,Valencia,Girona,0.351,0.388,2,0,0.350785,0.387698,15.538461538461538,5.954545454545454
2024-09-21,Real Madrid,Espanyol,4.895,0.319,4,1,4.1516,0.318831,5.666666666666667,31.846153846153847
2024-09-22,Getafe,Leganes,1.243,0.783,1,1,0.499486,0.783211,5.407407407407407,8.714285714285714
2024-09-22,Athletic Club,Celta Vigo,0.864,1.215,3,1,0.864304,0.47219,19.09090909090909,6.7272727272727275
2024-09-22,Villarreal,Barcelona,2.396,4.194,1,5,2.39605,3.45042,18.789473684210527,5.647058823529412
2024-09-22,Rayo Vallecano,Atletico Madrid,1.69,0.554,1,1,1.68952,0.554066,12.047619047619047,14.3
2024-09-23,Real Betis,Mallorca,1.371,1.437,1,2,1.37084,1.4369,8.88,16.59090909090909
2024-09-24,Sevilla,Real Valladolid,1.671,0.412,2,1,1.67099,0.411515,7.238095238095238,11.9375
2024-09-24,Valencia,Osasuna,1.175,0.378,0,0,1.17527,0.377552,16.833333333333332,10.95
2024-09-24,Real Madrid,Alaves,1.798,0.853,3,2,1.79791,0.853455,9.9375,23.818181818181817
2024-09-25,Girona,Rayo Vallecano,2.158,0.378,0,0,2.1579,0.377734,5.24,13.44
2024-09-25,Barcelona,Getafe,2.208,0.93,1,0,2.20799,0.929851,3.8333333333333335,21.9375
2024-09-26,Espanyol,Villarreal,0.355,1.962,1,2,0.355072,1.96233,13.61111111111111,15.619047619047619
2024-09-26,Las Palmas,Real Betis,1.108,2.666,1,1,1.10799,2.66646,8.925925925925926,17.333333333333332
2024-09-26,Celta Vigo,Atletico Madrid,1.761,0.778,0,1,1.76126,0.778357,13.789473684210526,16.0
2024-09-27,Real Valladolid,Mallorca,1.316,2.49,1,2,1.31551,2.49026,7.814814814814815,10.083333333333334
2024-09-28,Getafe,Alaves,2.558,0.415,2,0,1.81519,0.415348,5.1,3.272727272727273
2024-09-28,Rayo Vallecano,Leganes,1.152,0.852,1,1,1.15229,0.852356,10.571428571428571,13.952380952380953
2024-09-28,Real Sociedad,Valencia,3.685,0.806,3,0,3.6853,0.805963,9.555555555555555,15.590909090909092
2024-09-28,Osasuna,Barcelona,2.501,0.752,4,2,1.75739,0.751814,13.44,6.071428571428571
2024-09-29,Celta Vigo,Girona,0.524,1.413,1,1,0.52399,1.41269,19.238095238095237,20.733333333333334
2024-09-29,Athletic Club,Sevilla,1.83,1.241,1,1,1.82961,1.24147,10.642857142857142,8.777777777777779
2024-09-29,Real Betis,Espanyol,1.979,0.569,1,0,1.23197,0.569387,10.846153846153847,11.545454545454545
2024-09-29,Atletico Madrid,Real Madrid,1.055,0.661,1,1,1.05477,0.660987,26.307692307692307,17.25
2024-09-30,Villarreal,Las Palmas,4.079,0.802,3,1,3.33542,0.802357,15.241379310344827,17.846153846153847
2024-10-04,Leganes,Valencia,0.913,0.704,0,0,0.913168,0.703751,8.5,12.26923076923077
2024-10-05,Espanyol,Mallorca,0.949,1.798,2,1,0.948554,1.79839,11.523809523809524,5.833333333333333
2024-10-05,Getafe,Osasuna,1.348,0.248,1,1,1.34832,0.247706,8.2,3.8947368421052633
2024-10-05,Las Palmas,Celta Vigo,0.965,0.814,0,1,0.964894,0.814163,13.733333333333333,10.909090909090908
2024-10-05,Real Valladolid,Rayo Vallecano,1.658,1.647,1,2,1.65842,1.64746,11.291666666666666,6.571428571428571
2024-10-05,Real Madrid,Villarreal,0.46,1.462,2,0,0.459582,1.4618,12.391304347826088,20.6875
2024-10-06,Girona,Athletic Club,2.174,3.16,2,1,1.43066,1.67318,7.666666666666667,13.592592592592593
2024-10-06,Alaves,Barcelona,0.795,2.494,0,3,0.794829,2.49367,27.823529411764707,4.916666666666667
2024-10-06,Sevilla,Real Betis,1.828,0.437,1,0,1.08512,0.436615,10.181818181818182,11.736842105263158
2024-10-06,Real Sociedad,Atletico Madrid,1.085,0.562,1,1,1.08517,0.561748,8.333333333333334,29.0
2024-10-18,Alaves,Real Valladolid,0.433,2.336,2,3,0.433035,0.849903,9.357142857142858,16.153846153846153
2024-10-19,Athletic Club,Espanyol,1.465,0.501,4,1,1.46517,0.500795,13.176470588235293,10.481481481481481
2024-10-19,Osasuna,Real Betis,2.21,2.792,1,2,2.21025,2.79181,10.235294117647058,10.444444444444445
2024-10-19,Girona,Real Sociedad,0.446,1.861,0,1,0.446152,1.86082,17.94736842105263,10.333333333333334
2024-10-19,Celta Vigo,Real Madrid,1.791,1.198,1,2,1.79112,1.19816,12.678571428571429,14.904761904761905
2024-10-20,Mallorca,Rayo Vallecano,2.721,0.465,1,0,2.72076,0.464955,12.352941176470589,9.526315789473685
2024-10-20,Atletico Madrid,Leganes,5.214,0.272,3,1,5.21397,0.271901,5.205128205128205,18.0625
2024-10-20,Villarreal,Getafe,1.147,2.026,1,1,1.14683,1.2831,5.130434782608695,5.027027027027027
2024-10-20,Barcelona,Sevilla,4.085,0.6,5,1,3.342,0.599652,6.241379310344827,14.12
2024-10-21,Valencia,Las Palmas,1.944,1.569,2,3,1.2009,1.56861,12.16,16.214285714285715
2024-10-25,Espanyol,Sevilla,1.029,0.813,0,2,1.0292,0.813306,10.464285714285714,17.4
2024-10-26,Real Valladolid,Villarreal,0.978,2.684,1,2,0.234742,2.68435,15.578947368421053,19.571428571428573
2024-10-26,Rayo Vallecano,Alaves,2.89,0.871,1,0,2.89009,0.871439,11.105263157894736,8.476190476190476
2024-10-26,Las Palmas,Girona,1.245,1.047,1,0,1.24451,1.04715,10.310344827586206,6.962962962962963
2024-10-26,Real Madrid,Barcelona,1.404,2.516,0,4,1.40359,2.51566,8.258064516129032,7.269230769230769
2024-10-27,Leganes,Celta Vigo,1.549,0.767,3,0,1.54881,0.767239,12.576923076923077,8.25
2024-10-27,Getafe,Valencia,2.978,0.638,1,1,2.23497,0.63831,3.772727272727273,9.7
2024-10-27,Real Betis,Atletico Madrid,2.204,0.555,1,0,2.20384,0.555217,13.521739130434783,14.333333333333334
2024-10-27,Real Sociedad,Osasuna,1.677,1.065,0,2,1.6767,1.06487,5.3125,27.416666666666668
2024-10-28,Mallorca,Athletic Club,0.542,0.755,0,0,0.542356,0.755466,17.533333333333335,6.65
2024-11-01,Alaves,Mallorca,1.436,0.708,1,0,1.43582,0.708287,5.25,8.0
2024-11-02,Osasuna,Real Valladolid,3.217,0.204,1,0,2.47367,0.204092,8.708333333333334,5.958333333333333
2024-11-02,Girona,Leganes,1.813,0.321,4,3,1.06946,0.320545,9.0,11.208333333333334
2024-11-03,Atletico Madrid,Las Palmas,1.735,0.033,2,0,1.73469,0.0329044,8.724137931034482,10.961538461538462
2024-11-03,Barcelona,Espanyol,1.944,0.787,3,1,1.94398,0.787359,4.583333333333333,21.571428571428573
2024-11-03,Sevilla,Real Sociedad,0.63,1.218,0,2,0.629505,0.475072,16.75,15.294117647058824
2024-11-03,Athletic Club,Real Betis,4.203,1.545,1,1,4.2033,1.54499,16.38095238095238,18.235294117647058
2024-11-04,Celta Vigo,Getafe,2.125,0.425,1,0,2.12477,0.424746,8.8,14.695652173913043
2024-11-08,Rayo Vallecano,Las Palmas,2.64,1.252,1,3,2.63982,1.25211,6.038461538461538,13.666666666666666
2024-11-09,Real Madrid,Osasuna,3.273,0.068,4,0,3.27315,0.0678926,11.071428571428571,16.652173913043477
2024-11-09,Villarreal,Alaves,1.443,0.609,3,0,0.699649,0.608571,6.7,9.6875
2024-11-09,Leganes,Sevilla,1.093,0.54,1,0,0.349909,0.539924,18.6875,8.08
2024-11-10,Real Betis,Celta Vigo,1.651,0.942,2,2,1.65065,0.941675,9.612903225806452,38.0
2024-11-10,Mallorca,Atletico Madrid,0.735,0.939,0,1,0.735147,0.93863,17.444444444444443,12.826086956521738
2024-11-10,Getafe,Girona,0.221,0.521,0,1,0.220796,0.521025,8.2,8.5
2024-11-10,Real Valladolid,Athletic Club,0.888,1.487,1,1,0.887674,1.487,18.375,8.666666666666666
2024-11-10,Real Sociedad,Barcelona,1.885,0.514,1,0,1.88518,0.514102,11.176470588235293,9.866666666666667
2024-11-22,Getafe,Real Valladolid,0.658,0.729,2,0,0.658487,0.729169,6.411764705882353,11.384615384615385
2024-11-23,Valencia,Real Betis,1.673,1.052,4,2,1.67338,1.05242,11.5,9.68
2024-11-23,Atletico Madrid,Alaves,2.053,0.786,2,1,1.30991,0.0426241,6.173913043478261,19.25
2024-11-23,Las Palmas,Mallorca,1.16,1.458,2,3,0.416438,1.45816,9.714285714285714,11.954545454545455
2024-11-23,Girona,Espanyol,3.285,0.488,4,1,3.28521,0.488285,9.5,16.966666666666665
2024-11-23,Celta Vigo,Barcelona,2.76,1.938,2,2,2.75981,1.93782,11.35483870967742,13.6875
2024-11-24,Osasuna,Villarreal,1.327,2.682,2,2,0.584025,1.93865,10.538461538461538,8.952380952380953
2024-11-24,Sevilla,Rayo Vallecano,1.571,0.862,1,0,1.57063,0.862262,11.631578947368421,10.545454545454545
2024-11-24,Leganes,Real Madrid,0.109,2.73,0,3,0.108948,2.73014,14.652173913043478,9.875
2024-11-24,Athletic Club,Real Sociedad,1.651,0.799,1,0,1.65075,0.799084,10.903225806451612,6.739130434782608
2024-11-29,Mallorca,Valencia,0.721,1.334,2,1,0.721435,0.59115,15.052631578947368,10.115384615384615
2024-11-30,Barcelona,Las Palmas,2.184,0.599,1,2,2.18354,0.599185,5.956521739130435,20.3125
2024-11-30,Alaves,Leganes,1.289,1.369,1,1,1.28884,1.3688,4.62962962962963,9.31578947368421
2024-11-30,Espanyol,Celta Vigo,1.501,1.56,3,1,1.50136,0.816704,31.071428571428573,4.588235294117647
2024-11-30,Real Valladolid,Atletico Madrid,0.437,3.405,0,5,0.437294,3.40487,27.615384615384617,25.142857142857142
2024-12-01,Villarreal,Girona,1.968,0.516,2,2,1.96842,0.516301,20.31578947368421,11.8
2024-12-01,Real Madrid,Getafe,3.236,0.347,2,0,2.49298,0.34657,7.8,11.628571428571428
2024-12-01,Rayo Vallecano,Athletic Club,0.59,0.557,1,2,0.590024,0.556919,6.5675675675675675,10.238095238095237
2024-12-01,Real Sociedad,Real Betis,0.818,0.366,2,0,0.0748031,0.366137,7.219512195121951,8.571428571428571
2024-12-02,Sevilla,Osasuna,1.091,1.048,1,1,1.09081,1.04839,6.944444444444445,18.714285714285715
2024-12-03,Mallorca,Barcelona,0.922,5.381,1,5,0.921728,4.63746,11.26923076923077,6.461538461538462
2024-12-04,Athletic Club,Real Madrid,2.081,1.977,2,1,2.08134,1.23405,14.62962962962963,12.125
2024-12-06,Celta Vigo,Mallorca,1.199,1.09,2,0,1.19949,1.09038,13.166666666666666,13.272727272727273
2024-12-07,Las Palmas,Real Valladolid,1.276,1.308,2,1,1.27625,1.30835,9.08,17.57894736842105
2024-12-07,Real Betis,Barcelona,2.763,1.541,2,2,2.0193,1.54117,9.131578947368421,9.333333333333334
2024-12-07,Valencia,Rayo Vallecano,1.0,1.023,0,1,1.0002,1.02294,7.375,11.0
2024-12-07,Girona,Real Madrid,0.351,1.16,0,3,0.351337,1.16034,34.90909090909091,19.866666666666667
2024-12-08,Leganes,Real Sociedad,0.464,1.745,0,3,0.463722,1.74462,8.444444444444445,6.097560975609756
2024-12-08,Athletic Club,Villarreal,1.315,0.796,2,0,1.31484,0.796459,11.151515151515152,12.823529411764707
2024-12-08,Osasuna,Alaves,2.313,1.501,2,2,2.31345,1.50067,8.454545454545455,10.666666666666666
2024-12-08,Atletico Madrid,Sevilla,2.322,0.636,4,3,2.32183,0.635773,13.52,24.3125
2024-12-09,Getafe,Espanyol,0.53,1.173,1,0,0.530268,1.17303,9.777777777777779,5.7407407407407405
2024-12-13,Real Valladolid,Valencia,0.532,0.657,1,0,0.531831,0.657242,15.647058823529411,9.166666666666666
2024-12-14,Espanyol,Osasuna,0.299,0.214,0,0,0.298744,0.213917,16.894736842105264,9.428571428571429
2024-12-14,Mallorca,Girona,1.651,0.94,2,1,1.65091,0.939735,29.0,6.956521739130435
2024-12-14,Sevilla,Celta Vigo,0.487,0.929,1,0,0.487466,0.928845,10.1,14.529411764705882
2024-12-14,Rayo Vallecano,Real Madrid,1.608,1.154,3,3,1.60769,1.15429,10.314285714285715,8.1
2024-12-15,Atletico Madrid,Getafe,1.854,0.239,1,0,1.85376,0.238672,9.3,8.290322580645162
2024-12-15,Alaves,Athletic Club,0.804,0.844,1,1,0.803776,0.843706,8.481481481481481,8.3
2024-12-15,Villarreal,Real Betis,1.61,1.673,1,2,1.60957,1.6735,5.0,13.363636363636363
2024-12-15,Real Sociedad,Las Palmas,1.246,0.841,0,0,1.24562,0.840973,4.6923076923076925,6.0588235294117645
2024-12-15,Barcelona,Leganes,2.166,0.772,0,1,2.16597,0.77236,4.2631578947368425,17.05
2024-12-18,Villarreal,Rayo Vallecano,2.529,1.857,1,1,2.52908,1.85712,12.666666666666666,6.851851851851852
2024-12-18,Espanyol,Valencia,1.879,1.781,1,1,1.87851,1.78128,13.95,10.727272727272727
2024-12-20,Girona,Real Valladolid,2.164,0.012,3,0,2.16439,0.0119855,7.5,34.8
2024-12-21,Getafe,Mallorca,0.735,2.063,0,1,0.735241,1.31946,5.142857142857143,7.684210526315789
2024-12-21,Celta Vigo,Real Sociedad,1.222,0.314,2,0,1.22165,0.314488,9.064516129032258,7.583333333333333
2024-12-21,Osasuna,Athletic Club,0.418,1.181,1,2,0.417557,1.18093,14.1875,11.952380952380953
2024-12-21,Barcelona,Atletico Madrid,3.374,0.711,1,2,3.37424,0.710716,8.566666666666666,22.071428571428573
2024-12-22,Valencia,Alaves,1.348,1.543,2,2,0.604346,0.799667,4.066666666666666,10.307692307692308
2024-12-22,Real Madrid,Sevilla,2.901,1.412,4,2,2.90098,1.41183,12.181818181818182,15.035714285714286
2024-12-22,Las Palmas,Espanyol,0.956,0.879,1,0,0.956162,0.878983,10.9,14.0
2024-12-22,Leganes,Villarreal,1.475,4.01,2,5,0.731296,2.52355,16.6,8.619047619047619
2024-12-22,Real Betis,Rayo Vallecano,1.93,0.878,1,1,1.18703,0.878426,5.774193548387097,6.4375
2025-01-03,Valencia,Real Madrid,1.353,2.692,1,2,1.35313,1.94829,25.571428571428573,9.615384615384615
2025-01-10,Rayo Vallecano,Celta Vigo,1.004,3.258,2,1,1.00439,3.25801,9.782608695652174,15.157894736842104
2025-01-11,Alaves,Girona,1.722,0.626,0,1,1.72201,0.625652,10.178571428571429,10.705882352941176
2025-01-11,Real Valladolid,Real Betis,1.624,1.038,1,0,1.62446,1.03813,10.576923076923077,7.7407407407407405
2025-01-11,Espanyol,Leganes,1.055,1.925,1,1,1.05544,1.92496,13.142857142857142,9.615384615384615
2025-01-11,Sevilla,Valencia,0.734,1.081,1,1,0.734356,1.08107,7.862068965517241,17.0
2025-01-12,Las Palmas,Getafe,1.626,1.396,1,2,0.883081,1.39575,6.0,10.0
2025-01-12,Atletico Madrid,Osasuna,2.287,0.392,1,0,2.28719,0.391974,19.0,13.807692307692308
2025-01-13,Real Sociedad,Villarreal,0.806,1.225,1,0,0.805968,1.22527,6.137931034482759,17.0625
2025-01-17,Espanyol,Real Valladolid,1.288,1.72,2,1,1.28839,1.72021,18.5,13.733333333333333
2025-01-18,Girona,Sevilla,1.143,3.092,1,2,1.14329,2.34896,10.6,14.304347826086957
2025-01-18,Leganes,Atletico Madrid,0.77,3.056,1,0,0.770342,2.31302,19.857142857142858,21.333333333333332
2025-01-18,Real Betis,Alaves,0.501,1.654,1,3,0.501492,0.910626,13.9375,6.048780487804878
2025-01-18,Getafe,Barcelona,1.169,3.504,1,1,1.16921,3.50383,15.636363636363637,2.9444444444444446
2025-01-19,Celta Vigo,Athletic Club,0.4,2.497,1,2,0.40033,2.49675,11.363636363636363,13.551724137931034
2025-01-19,Real Madrid,Las Palmas,6.405,1.062,4,1,5.66221,1.06201,5.486486486486487,26.416666666666668
2025-01-19,Osasuna,Rayo Vallecano,0.66,0.798,1,1,0.660386,0.797534,8.777777777777779,11.05
2025-01-19,Valencia,Real Sociedad,1.772,0.758,1,0,1.77248,0.758224,13.714285714285714,5.590909090909091
2025-01-20,Villarreal,Mallorca,2.354,0.391,4,0,2.35437,0.390989,15.045454545454545,12.625
2025-01-24,Las Palmas,Osasuna,0.833,2.537,1,1,0.833212,2.53692,14.4,13.733333333333333
2025-01-25,Mallorca,Real Betis,0.789,0.595,0,1,0.789384,0.59491,9.071428571428571,5.96969696969697
2025-01-25,Atletico Madrid,Villarreal,1.723,1.785,1,1,1.72274,1.04128,9.192307692307692,15.19047619047619
2025-01-25,Sevilla,Espanyol,1.15,1.279,1,1,1.15013,1.27943,4.541666666666667,22.88235294117647
2025-01-25,Real Valladolid,Real Madrid,0.235,2.457,0,3,0.234653,1.7135,20.11764705882353,11.166666666666666
2025-01-26,Rayo Vallecano,Girona,3.011,1.562,2,1,3.01055,1.56182,7.310344827586207,12.291666666666666
2025-01-26,Real Sociedad,Getafe,1.261,2.01,0,3,1.26074,2.01027,6.866666666666666,5.482758620689655
2025-01-26,Athletic Club,Leganes,2.273,1.574,0,0,2.27277,1.57401,5.869565217391305,15.076923076923077
2025-01-26,Barcelona,Valencia,4.359,1.303,7,1,4.35875,1.30328,6.0,16.62962962962963
2025-01-27,Alaves,Celta Vigo,0.892,0.155,1,1,0.148463,0.155093,9.148148148148149,9.517241379310345
2025-01-31,Leganes,Rayo Vallecano,1.0,2.391,0,1,0.256809,2.39088,14.0,5.724137931034483
2025-02-01,Getafe,Sevilla,0.923,0.871,0,0,0.922731,0.871043,9.64,10.133333333333333
2025-02-01,Villarreal,Real Valladolid,3.894,0.747,5,1,3.89354,0.747261,10.25,13.45
2025-02-01,Atletico Madrid,Mallorca,1.599,0.422,2,0,1.59869,0.421783,14.588235294117647,15.1875
2025-02-01,Espanyol,Real Madrid,0.527,1.528,1,0,0.52719,1.52796,34.75,12.0
2025-02-02,Barcelona,Alaves,1.185,0.126,1,0,1.18526,0.126278,8.0,12.129032258064516
2025-02-02,Valencia,Celta Vigo,1.931,0.515,2,1,1.93065,0.51501,23.142857142857142,8.586206896551724
2025-02-02,Osasuna,Real Sociedad,1.111,2.351,2,1,1.11088,2.35115,20.4375,10.529411764705882
2025-02-02,Real Betis,Athletic Club,1.317,1.759,2,2,1.31717,1.75905,8.066666666666666,6.75
2025-02-03,Girona,Las Palmas,2.192,1.318,2,1,1.44858,1.31791,12.227272727272727,13.15
2025-02-07,Rayo Vallecano,Real Valladolid,2.873,0.61,1,0,2.87261,0.610157,5.636363636363637,15.947368421052632
2025-02-08,Celta Vigo,Real Betis,1.751,1.512,3,2,1.75134,1.51159,11.714285714285714,17.57894736842105
2025-02-08,Athletic Club,Girona,3.819,0.056,3,0,3.07609,0.0558089,14.0,15.615384615384615
2025-02-08,Las Palmas,Villarreal,1.906,1.26,1,2,1.90619,1.26021,11.85,14.11111111111111
2025-02-08,Real Madrid,Atletico Madrid,2.556,1.625,1,1,2.55575,0.881351,12.956521739130435,22.692307692307693
2025-02-09,Alaves,Getafe,1.259,0.825,0,1,1.25855,0.081787,3.6842105263157894,16.214285714285715
2025-02-09,Valencia,Leganes,2.032,0.418,2,0,2.03187,0.417562,13.55,6.833333333333333
2025-02-09,Real Sociedad,Espanyol,1.678,0.873,2,1,1.67839,0.129229,6.0476190476190474,13.454545454545455
2025-02-09,Sevilla,Barcelona,0.921,1.932,1,4,0.921429,1.93199,14.88888888888889,9.6
2025-02-10,Mallorca,Osasuna,1.173,1.82,1,1,0.429936,1.81967,13.533333333333333,7.833333333333333
2025-02-14,Girona,Getafe,1.287,0.955,1,2,1.287,0.95535,3.857142857142857,10.4
2025-02-15,Leganes,Alaves,1.763,1.421,3,3,0.276721,0.677922,12.4375,8.857142857142858
2025-02-15,Osasuna,Real Madrid,1.644,2.733,1,1,0.900543,2.73344,13.7,22.444444444444443
2025-02-15,Atletico Madrid,Celta Vigo,0.689,1.454,1,1,0.689105,0.710601,22.333333333333332,7.3478260869565215
2025-02-15,Villarreal,Valencia,1.042,0.741,1,1,1.04228,0.740954,16.80952380952381,14.8
2025-02-16,Espanyol,Athletic Club,1.196,0.897,1,1,1.19577,0.896815,9.961538461538462,6.375
2025-02-16,Real Valladolid,Sevilla,0.532,1.483,0,4,0.532481,1.4827,17.25,20.15
2025-02-16,Mallorca,Las Palmas,2.334,1.044,3,1,2.33414,1.04401,21.727272727272727,11.157894736842104
2025-02-16,Real Betis,Real Sociedad,2.494,0.205,3,0,1.75117,0.20529,5.5,13.789473684210526
2025-02-17,Barcelona,Rayo Vallecano,2.828,1.309,1,0,2.08447,1.30941,8.72,16.59090909090909
2025-02-21,Celta Vigo,Osasuna,2.319,0.838,1,0,1.57563,0.838476,19.88235294117647,13.19047619047619
2025-02-22,Alaves,Espanyol,1.546,0.496,0,1,1.54627,0.495881,6.454545454545454,11.894736842105264
2025-02-22,Rayo Vallecano,Villarreal,0.514,0.794,0,1,0.514336,0.79404,8.785714285714286,9.96
2025-02-22,Valencia,Atletico Madrid,1.354,2.318,0,3,1.35435,2.31785,11.064516129032258,12.523809523809524
2025-02-22,Las Palmas,Barcelona,0.431,1.665,0,2,0.431009,1.66486,17.761904761904763,8.277777777777779
2025-02-23,Athletic Club,Real Valladolid,5.316,0.599,7,1,5.3162,0.598765,10.85,19.181818181818183
2025-02-23,Real Madrid,Girona,2.363,0.326,2,0,2.36313,0.325619,35.5,31.166666666666668
2025-02-23,Getafe,Real Betis,0.863,2.346,1,2,0.86267,1.60243,6.4,5.633333333333334
2025-02-23,Real Sociedad,Leganes,1.068,0.257,3,0,1.0679,0.256673,9.708333333333334,12.0
2025-02-24,Sevilla,Mallorca,1.582,1.65,1,1,1.5822,1.64957,6.935483870967742,10.16
2025-02-28,Real Valladolid,Las Palmas,2.174,0.163,1,1,2.17386,0.163235,6.944444444444445,21.5
2025-03-01,Girona,Celta Vigo,0.895,1.648,2,2,0.89503,0.904306,13.782608695652174,12.916666666666666
2025-03-01,Rayo Vallecano,Sevilla,2.59,0.808,1,1,2.59009,0.807803,5.032258064516129,16.31578947368421
2025-03-01,Real Betis,Real Madrid,2.24,1.051,2,1,1.49629,1.05072,7.948717948717949,10.047619047619047
2025-03-01,Atletico Madrid,Athletic Club,2.016,1.543,1,0,2.01612,1.54329,9.5,13.875
2025-03-02,Leganes,Getafe,0.555,0.585,1,0,0.554524,0.585024,4.666666666666667,8.586206896551724
2025-03-02,Barcelona,Real Sociedad,3.637,0.0,4,0,3.63697,0,4.212121212121212,24.444444444444443
2025-03-02,Mallorca,Alaves,1.832,1.638,1,1,1.83195,1.63763,7.538461538461538,7.36
2025-03-02,Osasuna,Valencia,1.268,1.55,3,3,0.52449,1.54983,10.681818181818182,15.466666666666667
2025-03-08,Celta Vigo,Leganes,1.071,0.998,2,1,1.07104,0.99815,10.458333333333334,15.192307692307692
2025-03-08,Alaves,Villarreal,1.215,2.633,1,0,1.21479,2.63287,15.529411764705882,4.523809523809524
2025-03-08,Valencia,Real Valladolid,2.371,0.646,2,1,2.37105,0.645621,8.0,17.928571428571427
2025-03-09,Getafe,Atletico Madrid,1.398,1.021,2,1,1.39814,0.278141,20.941176470588236,5.916666666666667
2025-03-09,Real Madrid,Rayo Vallecano,1.594,1.21,2,1,1.59439,1.21003,13.214285714285714,12.73913043478261
2025-03-09,Athletic Club,Mallorca,0.939,1.025,1,1,0.938663,1.02509,19.454545454545453,9.75
2025-03-09,Real Betis,Las Palmas,2.314,0.427,1,0,1.57085,0.426529,6.363636363636363,17.526315789473685
2025-03-09,Real Sociedad,Sevilla,0.804,1.012,0,1,0.803868,1.01162,7.833333333333333,24.75
2025-03-10,Espanyol,Girona,0.325,1.588,1,1,0.325296,0.844596,26.583333333333332,6.538461538461538
2025-03-14,Las Palmas,Alaves,1.944,1.499,2,2,1.20059,1.49888,7.4,10.25
2025-03-15,Real Valladolid,Celta Vigo,0.839,1.817,0,1,0.839415,1.07326,21.733333333333334,9.08
2025-03-15,Mallorca,Espanyol,2.57,0.184,2,1,1.08381,0.184342,8.823529411764707,17.642857142857142
2025-03-15,Villarreal,Real Madrid,2.005,1.1,1,2,2.00539,1.10001,8.657894736842104,15.666666666666666
2025-03-15,Girona,Valencia,1.18,1.22,1,1,1.17978,1.21975,10.16,30.0
2025-03-16,Leganes,Real Betis,1.573,2.928,2,3,1.57329,2.18481,12.954545454545455,13.461538461538462
2025-03-16,Sevilla,Athletic Club,0.459,1.645,0,1,0.459323,0.901598,11.466666666666667,14.083333333333334
2025-03-16,Rayo Vallecano,Real Sociedad,0.537,0.906,2,2,0.536859,0.905535,6.115384615384615,12.0
2025-03-16,Osasuna,Getafe,2.085,0.901,1,2,1.34158,0.900928,5.0,14.157894736842104
2025-03-16,Atletico Madrid,Barcelona,1.094,2.162,2,4,1.09435,2.16215,17.266666666666666,5.333333333333333
2025-03-27,Barcelona,Osasuna,4.637,0.534,3,0,3.89379,0.53356,7.0,12.363636363636363
2025-03-29,Real Sociedad,Real Valladolid,1.328,1.295,2,1,1.32811,1.29525,5.9714285714285715,17.0
2025-03-29,Espanyol,Atletico Madrid,0.985,0.994,1,1,0.241766,0.994468,14.75,11.35
2025-03-29,Alaves,Rayo Vallecano,1.601,0.682,0,2,0.857362,0.681703,6.407407407407407,9.055555555555555
2025-03-29,Real Madrid,Leganes,3.593,2.384,3,2,2.84929,2.38359,7.705882352941177,30.3
2025-03-30,Getafe,Villarreal,0.94,1.385,1,2,0.940085,1.38471,7.407407407407407,6.333333333333333
2025-03-30,Barcelona,Girona,2.753,0.491,4,1,2.75333,0.490847,7.12,12.083333333333334
2025-03-30,Valencia,Mallorca,0.732,0.658,1,0,0.731544,0.657805,9.333333333333334,6.161290322580645
2025-03-30,Athletic Club,Osasuna,0.759,0.565,0,0,0.759463,0.564979,6.310344827586207,18.733333333333334
2025-03-30,Real Betis,Sevilla,0.894,0.868,2,1,0.894203,0.867589,8.892857142857142,8.382352941176471
2025-03-31,Celta Vigo,Las Palmas,1.077,0.527,1,1,1.07663,0.52734,8.413793103448276,44.625
2025-04-04,Rayo Vallecano,Espanyol,0.501,3.487,0,4,0.501253,2.74413,7.2,16.941176470588236
2025-04-05,Girona,Alaves,1.733,0.806,0,1,1.73306,0.805674,10.5,8.416666666666666
2025-04-05,Real Madrid,Valencia,3.361,1.09,1,2,2.61794,1.08997,5.266666666666667,18.61111111111111
2025-04-05,Mallorca,Celta Vigo,0.67,1.121,1,2,0.670008,1.12056,15.95,11.0
2025-04-05,Barcelona,Real Betis,1.468,0.25,1,1,1.46844,0.249939,4.709677419354839,41.2
2025-04-06,Las Palmas,Real Sociedad,1.754,2.815,1,3,1.75387,2.81501,7.714285714285714,16.583333333333332
2025-04-06,Sevilla,Atletico Madrid,0.819,1.237,1,2,0.818692,0.493255,13.125,11.173913043478262
2025-04-06,Real Valladolid,Getafe,0.301,2.803,0,4,0.300994,2.80288,12.38888888888889,12.416666666666666
2025-04-06,Villarreal,Athletic Club,1.595,0.999,0,0,1.59491,0.998653,10.045454545454545,13.25
2025-04-07,Leganes,Osasuna,2.223,2.074,1,1,1.48006,2.07408,9.2,14.1875
2025-04-11,Valencia,Sevilla,1.426,0.911,1,0,1.42634,0.910522,12.055555555555555,9.56
2025-04-12,Real Sociedad,Mallorca,0.617,0.801,0,2,0.616782,0.801126,4.935483870967742,22.846153846153847
2025-04-12,Getafe,Las Palmas,1.618,1.542,1,3,1.61783,1.54225,11.2,8.166666666666666
2025-04-12,Celta Vigo,Espanyol,0.824,0.781,0,2,0.824366,0.780846,7.892857142857143,24.727272727272727
2025-04-12,Leganes,Barcelona,0.599,1.101,0,1,0.5988,1.10105,15.789473684210526,9.526315789473685
2025-04-13,Osasuna,Girona,1.688,0.574,2,1,1.68846,0.57428,16.8,6.55
2025-04-13,Alaves,Real Madrid,0.608,1.265,0,1,0.607781,1.26541,5.7317073170731705,14.333333333333334
2025-04-13,Real Betis,Villarreal,2.04,1.326,1,2,2.04046,1.32607,11.142857142857142,12.428571428571429
2025-04-13,Athletic Club,Rayo Vallecano,1.977,1.819,3,1,1.23326,0.99063,7.925925925925926,12.473684210526315
2025-04-14,Atletico Madrid,Real Valladolid,4.063,1.38,4,2,2.57636,0.636887,12.206896551724139,32.666666666666664
2025-04-18,Espanyol,Getafe,0.367,0.737,1,0,0.367268,0.736613,3.8095238095238093,11.545454545454545
2025-04-19,Rayo Vallecano,Valencia,0.722,2.063,1,1,0.722317,2.06284,6.7,10.954545454545455
2025-04-19,Barcelona,Celta Vigo,2.566,2.505,4,3,1.82259,2.50499,6.703703703703703,14.695652173913043
2025-04-19,Mallorca,Leganes,1.069,0.952,0,0,1.06921,0.951824,7.333333333333333,8.185185185185185
2025-04-19,Las Palmas,Atletico Madrid,0.768,0.757,1,0,0.768437,0.757145,14.24,11.31578947368421
2025-04-20,Real Valladolid,Osasuna,1.455,2.362,2,3,0.711273,1.61874,15.777777777777779,10.774193548387096
2025-04-20,Villarreal,Real Sociedad,2.145,2.298,2,2,2.14498,1.5545,16.0,16.3125
2025-04-20,Sevilla,Alaves,1.896,1.303,1,1,1.89613,1.30312,10.272727272727273,8.454545454545455
2025-04-20,Real Madrid,Athletic Club,2.407,0.133,1,0,2.40667,0.132511,6.105263157894737,22.4375
2025-04-21,Girona,Real Betis,1.103,2.283,1,3,1.10326,2.28252,11.055555555555555,24.692307692307693
2025-04-22,Valencia,Espanyol,1.079,0.344,1,1,1.07897,0.344156,11.0,18.473684210526315
2025-04-22,Barcelona,Mallorca,3.435,0.327,1,0,3.43457,0.326579,3.1515151515151514,17.9
2025-04-23,Athletic Club,Las Palmas,2.638,1.018,1,0,2.63805,1.01774,11.24,12.789473684210526
2025-04-23,Celta Vigo,Villarreal,3.197,0.595,3,0,2.45351,0.5946,9.88,18.466666666666665
2025-04-23,Getafe,Real Madrid,2.536,1.748,0,1,2.53565,1.74803,13.115384615384615,10.357142857142858
2025-04-23,Alaves,Real Sociedad,0.815,0.472,1,0,0.815479,0.472083,6.534883720930233,6.9411764705882355
2025-04-24,Osasuna,Sevilla,0.374,0.934,1,0,0.373711,0.934425,11.058823529411764,24.5
2025-04-24,Leganes,Girona,0.331,0.764,1,1,0.330809,0.764098,15.6,7.705882352941177
2025-04-24,Atletico Madrid,Rayo Vallecano,3.345,1.132,3,0,3.34529,1.13186,19.764705882352942,8.862068965517242
2025-04-24,Real Betis,Real Valladolid,2.267,0.84,5,1,2.26702,0.839722,6.185185185185185,16.68421052631579
2025-04-27,Villarreal,Espanyol,1.354,1.535,1,0,1.35413,1.53522,10.576923076923077,18.0
2025-05-02,Rayo Vallecano,Getafe,1.216,0.804,1,0,1.2162,0.8041,5.625,8.23076923076923
2025-05-03,Alaves,Atletico Madrid,0.908,0.391,0,0,0.908148,0.391409,8.588235294117647,4.523809523809524
2025-05-03,Villarreal,Osasuna,2.3,1.414,4,2,2.30041,0.670841,18.23076923076923,9.923076923076923
2025-05-03,Las Palmas,Valencia,1.81,1.673,2,3,1.06667,1.6731,10.695652173913043,20.5
2025-05-03,Real Valladolid,Barcelona,0.746,2.212,1,2,0.745612,2.21168,22.23076923076923,2.5357142857142856
2025-05-04,Real Madrid,Celta Vigo,3.074,2.131,3,2,3.07408,2.13071,15.421052631578947,18.75
2025-05-04,Sevilla,Leganes,2.337,0.805,2,2,2.33742,0.804853,5.068965517241379,10.0
2025-05-04,Espanyol,Real Betis,0.873,1.056,1,2,0.873167,1.05631,15.105263157894736,11.166666666666666
2025-05-04,Real Sociedad,Athletic Club,0.893,0.233,0,0,0.893155,0.232928,5.777777777777778,17.7
2025-05-05,Girona,Mallorca,1.778,0.488,1,0,1.77813,0.488126,9.806451612903226,17.666666666666668
2025-05-09,Las Palmas,Rayo Vallecano,0.721,1.008,0,1,0.721442,1.00781,9.9,9.642857142857142
2025-05-10,Valencia,Getafe,2.974,0.59,3,0,1.48741,0.590071,5.095238095238095,6.9714285714285715
2025-05-10,Celta Vigo,Sevilla,0.96,2.614,3,2,0.959531,1.87064,19.615384615384617,10.433333333333334
2025-05-10,Girona,Villarreal,0.28,2.282,0,1,0.280235,2.28245,14.473684210526315,30.363636363636363
2025-05-10,Mallorca,Real Valladolid,1.756,2.764,2,1,1.75638,2.76393,8.428571428571429,18.076923076923077
2025-05-10,Atletico Madrid,Real Sociedad,1.715,0.299,4,0,1.71528,0.298675,17.3125,22.944444444444443
2025-05-11,Leganes,Espanyol,2.058,1.577,3,2,2.05779,1.57739,7.416666666666667,10.263157894736842
2025-05-11,Barcelona,Real Madrid,4.106,2.562,4,3,4.10632,1.81832,7.1923076923076925,12.166666666666666
2025-05-11,Athletic Club,Alaves,1.35,0.643,1,0,1.35049,0.642793,3.9705882352941178,10.076923076923077
2025-05-11,Real Betis,Osasuna,0.359,2.227,1,1,0.359348,2.2272,10.578947368421053,13.368421052631579
2025-05-13,Real Valladolid,Girona,1.307,1.568,0,1,1.30694,1.56752,33.888888888888886,10.576923076923077
2025-05-13,Real Sociedad,Celta Vigo,3.313,1.299,0,1,3.31324,1.29945,6.714285714285714,25.0
2025-05-13,Sevilla,Las Palmas,0.931,0.399,1,0,0.93125,0.399067,6.783783783783784,10.5625
2025-05-14,Alaves,Valencia,2.063,0.585,1,0,1.31934,0.584778,12.92,13.416666666666666
2025-05-14,Villarreal,Leganes,2.289,1.19,3,0,2.28885,1.19032,26.5,7.607142857142857
2025-05-14,Real Madrid,Mallorca,3.462,0.475,2,1,3.46174,0.475193,9.235294117647058,20.5
2025-05-15,Osasuna,Atletico Madrid,1.075,1.341,2,0,1.07473,1.34093,12.333333333333334,8.263157894736842
2025-05-15,Rayo Vallecano,Real Betis,1.302,1.171,2,2,1.30199,0.428058,11.571428571428571,9.041666666666666
2025-05-15,Espanyol,Barcelona,1.515,0.736,0,2,1.51531,0.735877,23.4375,4.76
2025-05-15,Getafe,Athletic Club,0.734,1.333,0,2,0.73382,1.33336,12.782608695652174,8.333333333333334
2025-05-18,Atletico Madrid,Real Betis,4.943,0.822,4,1,4.94276,0.821908,14.136363636363637,15.15
2025-05-18,Barcelona,Villarreal,1.569,1.962,2,3,1.569,1.96183,6.862068965517241,16.333333333333332
2025-05-18,Celta Vigo,Rayo Vallecano,2.424,0.907,1,2,1.68092,0.906857,11.2,12.181818181818182
2025-05-18,Valencia,Athletic Club,0.389,1.162,0,1,0.388682,1.16214,13.666666666666666,11.5625
2025-05-18,Mallorca,Getafe,0.809,1.56,1,2,0.809089,1.55977,5.571428571428571,12.344827586206897
2025-05-18,Real Sociedad,Girona,1.873,1.645,3,2,1.12925,1.64512,10.909090909090908,11.608695652173912
2025-05-18,Sevilla,Real Madrid,0.485,1.96,0,2,0.484891,1.95992,21.444444444444443,8.91304347826087
2025-05-18,Real Valladolid,Alaves,0.89,1.227,0,1,0.890453,0.48364,10.4375,4.390243902439025
2025-05-18,Las Palmas,Leganes,0.514,1.063,0,1,0.513718,1.06274,5.0,14.28
2025-05-18,Osasuna,Espanyol,1.925,0.572,2,0,1.92502,0.572332,12.736842105263158,10.411764705882353
2025-05-23,Real Betis,Valencia,1.153,0.648,1,1,1.15286,0.647724,11.62962962962963,11.4
2025-05-24,Real Madrid,Real Sociedad,2.619,1.185,2,0,1.73214,1.18496,11.08,28.181818181818183
2025-05-24,Espanyol,Las Palmas,1.722,0.736,2,0,0.978393,0.735505,15.571428571428571,13.444444444444445
2025-05-24,Leganes,Real Valladolid,1.747,0.479,3,0,1.74736,0.479375,8.586206896551724,12.714285714285714
2025-05-24,Alaves,Osasuna,1.575,1.881,1,1,0.831379,1.88098,7.068965517241379,9.5
2025-05-24,Getafe,Celta Vigo,0.359,1.308,1,2,0.35897,1.30818,23.125,9.1
2025-05-24,Rayo Vallecano,Mallorca,2.12,0.748,0,0,2.11982,0.747939,9.4,14.61111111111111
2025-05-25,Girona,Atletico Madrid,0.05,3.106,0,4,0.0503369,3.10637,15.45,10.545454545454545
2025-05-25,Villarreal,Sevilla,1.288,1.648,4,2,1.28805,1.64829,14.68421052631579,14.608695652173912
2025-05-25,Athletic Club,Barcelona,0.751,3.364,0,3,0.750806,2.62074,14.555555555555555,4.708333333333333
